﻿{
    "img": [{
            "url": "./images/1.jpg",
            "desc": "这个是第1个图片，它很漂亮"
        },
        {
            "url": "./images/2.jpg",
            "desc": "这个是第2个图片，它很漂亮"
        },
        {
            "url": "./images/3.jpg",
            "desc": "这个是第3个图片，它很漂亮"
        },
        {
            "url": "./images/4.jpg",
            "desc": "这个是第4个图片，它很漂亮"
        },
        {
            "url": "./images/5.jpg",
            "desc": "这个是第5个图片，它很漂亮"
        },
        {
            "url": "./images/6.jpg",
            "desc": "这个是第6个图片，它很漂亮"
        },
        {
            "url": "./images/7.jpg",
            "desc": "这个是第7个图片，它很漂亮"
        },
        {
            "url": "./images/8.jpg",
            "desc": "这个是第8个图片，它很漂亮"
        },
        {
            "url": "./images/9.jpg",
            "desc": "这个是第9个图片，它很漂亮"
        },
        {
            "url": "./images/10.jpg",
            "desc": "这个是第10个图片，它很漂亮"
        },
        {
            "url": "./images/11.jpg",
            "desc": "这个是第11个图片，它很漂亮"
        },
        {
            "url": "./images/12.jpg",
            "desc": "这个是第12个图片，它很漂亮"
        },
        {
            "url": "./images/13.jpg",
            "desc": "这个是第13个图片，它很漂亮"
        },
        {
            "url": "./images/14.jpg",
            "desc": "这个是第14个图片，它很漂亮"
        },
        {
            "url": "./images/15.jpg",
            "desc": "这个是第15个图片，它很漂亮"
        },
        {
            "url": "./images/16.jpg",
            "desc": "这个是第16个图片，它很漂亮"
        },
        {
            "url": "./images/17.jpg",
            "desc": "这个是第17个图片，它很漂亮"
        },
        {
            "url": "./images/18.jpg",
            "desc": "这个是第18个图片，它很漂亮"
        },
        {
            "url": "./images/19.jpg",
            "desc": "这个是第19个图片，它很漂亮"
        },
        {
            "url": "./images/20.jpg",
            "desc": "这个是第20个图片，它很漂亮"
        },
        {
            "url": "./images/21.jpg",
            "desc": "这个是第21个图片，它很漂亮"
        },
        {
            "url": "./images/22.jpg",
            "desc": "这个是第22个图片，它很漂亮"
        },
        {
            "url": "./images/23.jpg",
            "desc": "这个是第23个图片，它很漂亮"
        },
        {
            "url": "./images/24.jpg",
            "desc": "这个是第24个图片，它很漂亮"
        },
        {
            "url": "./images/25.jpg",
            "desc": "这个是第25个图片，它很漂亮"
        },
        {
            "url": "./images/26.jpg",
            "desc": "这个是第26个图片，它很漂亮"
        },
        {
            "url": "./images/27.jpg",
            "desc": "这个是第27个图片，它很漂亮"
        },
        {
            "url": "./images/28.jpg",
            "desc": "这个是第28个图片，它很漂亮"
        },
        {
            "url": "./images/29.jpg",
            "desc": "这个是第29个图片，它很漂亮"
        },
        {
            "url": "./images/30.jpg",
            "desc": "这个是第30个图片，它很漂亮"
        }
    ]
}